Task,MCP,PoE,Improvmement
LA,50.0,68.8,18.8
IMT,34.0,47.199999999999996,13.2
CLD,67.2,75.9,8.7
RACO,53.800000000000004,60.6,6.8
CAI,84.1,81.8,-2.3
EIE,25.0,19.1,-5.9
RS,55.1,49.0,-6.1
IOM,56.2,50.0,-6.2
