Task,MCP,PoE,PoE - MCP
RACO,4.8,50.4,45.6
SIT,2.0,19.4,17.4
IMT,34.0,49.8,15.799999999999997
LA,50.0,55.0,5.0
ANLI,40.2,44.6,4.399999999999999
SS,79.4,82.8,3.3999999999999915
CQA,75.0,77.0,2.0
LD,37.6,38.0,0.3999999999999986
CLD,92.4,91.4,-1.0
SIQA,72.6,71.2,-1.3999999999999915
CAI,81.8,77.3,-4.5
DQA,48.8,42.6,-6.199999999999996
EIE,37.6,28.8,-8.8
CC,79.6,66.8,-12.799999999999997
IOM,65.0,46.9,-18.1
RS,69.4,48.6,-20.800000000000004
